{"field_types":{"logo-title":"input-text","logo-tagline":"checkbox-bool-type","logo":"fileupload-type","logo-link":"input-text","link-color":"colorpicker-type","link-hover-color":"colorpicker-type","underline-links":"checkbox-bool-type","underline-links-hover":"checkbox-bool-type","font-default":"select-type","font-default-style":"select-type","font-default-size":"input-text","font-default-google":"font-select-type","font-default-color":"colorpicker-type","font-heading":"select-type","font-heading-style":"select-type","font-heading-size":"input-text","font-heading-color":"colorpicker-type","font-heading-google":"font-select-type","header-text-color":"colorpicker-type","header-background-color":"colorpicker-type","header-background-image":"fileupload-type","header-background-image-pos-x":"radio-buttons-image","header-background-image-pos-y":"radio-buttons-image","header-background-image-repeat":"select-type","footer-text-color":"colorpicker-type","footer-background-color":"colorpicker-type","footer-background-image":"fileupload-type","footer-background-image-pos-x":"radio-buttons-image","footer-background-image-pos-y":"radio-buttons-image","footer-background-image-repeat":"select-type"},"logo-title":"Liftoff","logo-tagline":"false","logo":"","logo-link":"","link-color":"#21759b","link-hover-color":"#222222","underline-links":"false","underline-links-hover":"false","font-default":"google","font-default-style":"normal","font-default-size":"14px","font-default-google":{"previewText":"Default Font Sample Text","family":"Open Sans","style":"normal","weight":"300,300italic,400,400italic","size":"16px","color":"#515151","_previewText":"Default Font Sample Text","_family":"Open Sans","_style":"normal","_weight":"300,300italic,400,400italic","_size":"16px","_color":"#515151"},"font-default-color":"#515151","font-heading":"google","font-heading-style":"bold","font-heading-size":"32","font-heading-color":"#313131","font-heading-google":{"previewText":"Heading Font Sample Text","family":"Open Sans","style":"normal","weight":"300","size":"40px","color":"#313131","_previewText":"Heading Font Sample Text","_family":"Open Sans","_style":"normal","_weight":"300","_size":"40px","_color":"#313131"},"header-text-color":"#515151","header-background-color":"#EEEEEE","header-background-image":"","header-background-image-pos-x":"center","header-background-image-pos-y":"top","header-background-image-repeat":"no-repeat","footer-text-color":"#515151","footer-background-color":"#EEEEEE","footer-background-image":"","footer-background-image-pos-x":"center","footer-background-image-pos-y":"top","footer-background-image-repeat":"no-repeat","index":"liftoff_design-settings","ancestor_key":"","version_key":"id_ru2hf3sgsj6jybe04","import_key":""}