{"data":{"last_checked":1418945587,"checked":{"_tk-runway":"1.1.2","liftoff":"0.4","parallelus-incentive-DEV":"1.0","parallelus-incentive":"1.1.6","parallelus-moxie":"1.0.3","parallelus-vellum":"1.3.4.1","runway-framework":"1.3","super-awesome-theme":"1.0","tequila":"1.0.0","test-child-theme":"1.0","twentyeleven":"1.8","twentyfifteen":"1.0","twentyfourteen":"1.1","twentythirteen":"1.2","twentytwelve":"1.4"},"response":{"twentyeleven":{"theme":"twentyeleven","new_version":"2.0","url":"https:\/\/wordpress.org\/themes\/twentyeleven","package":"https:\/\/downloads.wordpress.org\/theme\/twentyeleven.2.0.zip"},"twentyfourteen":{"theme":"twentyfourteen","new_version":"1.3","url":"https:\/\/wordpress.org\/themes\/twentyfourteen","package":"https:\/\/downloads.wordpress.org\/theme\/twentyfourteen.1.3.zip"},"twentythirteen":{"theme":"twentythirteen","new_version":"1.4","url":"https:\/\/wordpress.org\/themes\/twentythirteen","package":"https:\/\/downloads.wordpress.org\/theme\/twentythirteen.1.4.zip"},"twentytwelve":{"theme":"twentytwelve","new_version":"1.6","url":"https:\/\/wordpress.org\/themes\/twentytwelve","package":"https:\/\/downloads.wordpress.org\/theme\/twentytwelve.1.6.zip"},"runway-framework":{"theme":"runway-framework","new_version":"1.3.1","url":"https:\/\/github.com\/parallelus\/Runway_Framework","package":"https:\/\/api.github.com\/repos\/parallelus\/Runway-Framework\/zipball\/v1.3.1"}},"translations":[]},"last_request":1418953593}